{
  // Legendary Items
  ////////////////////////////////////////////////////////////////////////////////////////////////////////////////
  "LegendaryItems": [
    {
      "ID": "Dyrnwyn",
      "Name": "$mod_epicloot_l_dyrnwyn",
      "Description": "$mod_epicloot_l_dyrnwyn_desc",
      "EquipFx": "FireAura", 
      "EquipFxMode": "EquipRoot", 
      "Requirements": {
        "AllowedItemTypes": [ "OneHandedWeapon" ],
        "AllowedSkillTypes": [ "Swords" ]
      },
      "GuaranteedMagicEffects": [
        { "Type": "AddFireDamage", "Values": { "MinValue": 36, "MaxValue": 48, "Increment": 1 } }
      ]
    },
    {
      "ID": "SleipnirsHoof",
      "Name": "$mod_epicloot_l_sleipnirshoof",
      "Description": "$mod_epicloot_l_sleipnirshoof_desc",
      "EquipFx": "WhiteAura", 
      "EquipFxMode": "EquipRoot", 
      "Requirements": {
        "AllowedItemTypes": [ "OneHandedWeapon" ],
        "AllowedSkillTypes": [ "Clubs" ]
      },
      "GuaranteedMagicEffects": [
        { "Type": "ModifyMovementSpeed", "Values": { "MinValue": 10, "MaxValue": 14, "Increment": 1 } }
      ]
    },
    {
      "ID": "Gungnir",
      "Name": "$mod_epicloot_l_gungnir",
      "Description": "$mod_epicloot_l_gungnir_desc",
      "Requirements": {
        "AllowedItemTypes": [ "OneHandedWeapon" ],
        "AllowedSkillTypes": [ "Spears" ]
      },
      "GuaranteedMagicEffects": [
        { "Type": "ModifyDamage", "Values": { "MinValue": 20, "MaxValue": 25, "Increment": 1 } }
      ]
    },
    {
      "ID": "Mjolnir",
      "Name": "$mod_epicloot_l_mjolnir",
      "Description": "$mod_epicloot_l_mjolnir_desc",
      "EquipFx": "LightningAuraSledge",
      "EquipFxMode": "EquipRoot", 
      "Requirements": {
        "AllowedItemNames": [ "$item_sledge_iron" ]
      },
      "GuaranteedEffectCount": 6, 
      "GuaranteedMagicEffects": [
        { "Type": "ModifyPhysicalDamage", "Values": { "MinValue": 36, "MaxValue": 44, "Increment": 1 } },
        { "Type": "AddLightningDamage", "Values": { "MinValue": 25, "MaxValue": 30, "Increment": 1 } },
        { "Type": "Throwable" },
        { "Type": "RecallWeapon" }
      ]
    },

    //////////////////////////////////////////////////////////////////////////////////////////////////////////////
    // Legendary Set Items
    //////////////////////////////////////////////////////////////////////////////////////////////////////////////

    // Heimdall
    //////////////////////////////////////////////////////////////////////////////////////////////////////////////
    {
      "ID": "HeimdallTowerShield",
      "Name": "$mod_epicloot_l_heimdalltowershield",
      "Description": "$mod_epicloot_l_heimdalltowershield_desc",
      "IsSetItem": true, 
      "Requirements": {
        "AllowedItemTypes": [
          "Shield"
        ],
        "ItemHasNoParryPower": true
      },
      "GuaranteedMagicEffects": [
        { "Type": "Immovable" }
      ]
    },
    {
      "ID": "HeimdallHelmet",
      "Name": "$mod_epicloot_l_heimdallhelmet",
      "Description": "$mod_epicloot_l_heimdallhelmet_desc",
      "IsSetItem": true, 
      "Requirements": {
        "AllowedItemTypes": [
          "Helmet"
        ]
      },
      "GuaranteedEffectCount": 6, 
      "GuaranteedMagicEffects": [
        { "Type": "ModifyArmorLowHealth", "Values": { "MinValue": 30, "MaxValue": 35, "Increment": 1 } },
        { "Type": "ModifyStaminaRegenLowHealth", "Values": { "MinValue": 25, "MaxValue": 30, "Increment": 1 } }
      ]
    },
    {
      "ID": "HeimdallChest",
      "Name": "$mod_epicloot_l_heimdallchest",
      "Description": "$mod_epicloot_l_heimdallchest_desc",
      "TextureReplacements": [ { "ItemID": "ArmorPaddedCuirass", "MainTexture": "PaddedArmorMain_Heimdall", "ChestTex": "PaddedArmorChest_Heimdall" } ],
      "IsSetItem": true, 
      "Requirements": {
        "AllowedItemTypes": [
          "Chest"
        ]
      },
      "GuaranteedEffectCount": 6, 
      "GuaranteedMagicEffects": [
        { "Type": "ModifyArmor", "Values": { "MinValue": 50, "MaxValue": 50, "Increment": 1 } },
        { "Type": "IncreaseStamina", "Values": { "MinValue": 50, "MaxValue": 60, "Increment": 1 } }
      ]
    },
    {
      "ID": "HeimdallLegs",
      "Name": "$mod_epicloot_l_heimdalllegs",
      "Description": "$mod_epicloot_l_heimdalllegs_desc",
      "IsSetItem": true, 
      "Requirements": {
        "AllowedItemTypes": [
          "Legs"
        ]
      },
      "GuaranteedEffectCount": 6, 
      "GuaranteedMagicEffects": [
        { "Type": "AddMovementSkills", "Values": { "MinValue": 30, "MaxValue": 40, "Increment": 1 } },
        { "Type": "ModifyMovementSpeedLowHealth", "Values": { "MinValue": 25, "MaxValue": 25, "Increment": 1 } }
      ]
    },

    // Ragnar
    //////////////////////////////////////////////////////////////////////////////////////////////////////////////
    {
      "ID": "RagnarBattleAxe",
      "Name": "$mod_epicloot_l_ragnarbattleaxe",
      "Description": "$mod_epicloot_l_ragnarbattleaxe_desc",
      "EquipFx": "FrostAuraBattleAxe",
      "EquipFxMode": "EquipRoot", 
      "IsSetItem": true, 
      "Requirements": {
        "AllowedItemTypes": [ "TwoHandedWeapon" ], 
        "AllowedSkillTypes": [ "Axes" ]
      },
      "GuaranteedMagicEffects": [
        { "Type": "ModifyPhysicalDamage", "Values": { "MinValue": 15, "MaxValue": 20, "Increment": 1 } },
        { "Type": "AddFrostDamage", "Values": { "MinValue": 30, "MaxValue": 35, "Increment": 1 } }
      ]
    },
    {
      "ID": "RagnarCape",
      "Name": "$mod_epicloot_l_ragnarcape",
      "Description": "$mod_epicloot_l_ragnarcape_desc",
      "IsSetItem": true, 
      "Requirements": {
        "AllowedItemTypes": [
          "Shoulder"
        ]
      },
      "GuaranteedEffectCount": 6
    },
    {
      "ID": "RagnarChest",
      "Name": "$mod_epicloot_l_ragnarchest",
      "Description": "$mod_epicloot_l_ragnarchest_desc",
      "TextureReplacements": [ { "ItemID": "ArmorPaddedCuirass", "MainTexture": "paddedarmortest2_d", "ChestTex": "PaddedArmorChest2_d" } ],
      "IsSetItem": true, 
      "Requirements": {
        "AllowedItemTypes": [
          "Chest"
        ]
      },
      "GuaranteedEffectCount": 6
    },
    {
      "ID": "RagnarLegs",
      "Name": "$mod_epicloot_l_ragnarlegs",
      "Description": "$mod_epicloot_l_ragnarlegs_desc",
      "IsSetItem": true, 
      "Requirements": {
        "AllowedItemTypes": [
          "Legs"
        ]
      },
      "GuaranteedEffectCount": 6
    }
  ],

  // Legendary Sets
  ////////////////////////////////////////////////////////////////////////////////////////////////////////////////
  "LegendarySets": [
    {
      "ID": "Heimdall",
      "Name": "$mod_epicloot_set_heimdall",
      "LegendaryIDs": [
        "HeimdallTowerShield",
        "HeimdallHelmet",
        "HeimdallChest",
        "HeimdallLegs"
      ],
      "SetBonuses": [
        { "Count": 2, "Effect": { "Type": "ModifyBlockPower", "Values": { "MinValue": 200, "MaxValue": 200, "Increment": 1 } } },
        { "Count": 3, "Effect": { "Type": "Bulwark" } },
        { "Count": 4, "Effect": { "Type": "Undying" } }
      ]
    },
    {
      "ID": "Ragnar",
      "Name": "$mod_epicloot_set_ragnar",
      "LegendaryIDs": [
        "RagnarBattleAxe",
        "RagnarCape",
        "RagnarChest",
        "RagnarLegs"
      ],
      "SetBonuses": [
        { "Count": 2, "Effect": { "Type": "AddHealthRegen", "Values": { "MinValue": 2, "MaxValue": 2, "Increment": 1 } } },
        { "Count": 2, "Effect": { "Type": "ModifyHealthRegen", "Values": { "MinValue": 100, "MaxValue": 100, "Increment": 1 } } },
        { "Count": 3, "Effect": { "Type": "Berserker" } },
        { "Count": 4, "Effect": { "Type": "FrostDamageAOE", "Values": { "MinValue": 50, "MaxValue": 50, "Increment": 1 } } }
      ]
    }
  ] 
}
